"Rank","CryptoCurrency","Market Cap.","Price","Circulating Supply","Volume (24h)","Change (24h)","DateTime"
1,"Bitcoin","$577,656,767,446","$30,295.00","19,056,281","$34,159,341,003","-1.38 %",2022-06-02 16:15:17
2,"Ethereum","$220,543,201,504","$1,821.16","121,022,544","$20,330,148,959","-2.69 %",2022-06-02 16:15:17
3,"Tether","$72,723,066,399","$1.00","72,538,449,554","$48,386,501,243","-0.07 %",2022-06-02 16:15:17
4,"USD Coin","$54,125,348,459","$1.00","54,048,605,459","$5,576,637,185","-0.19 %",2022-06-02 16:15:17
5,"BNB","$49,687,007,217","$304.32","163,276,975","$1,409,413,721","-0.21 %",2022-06-02 16:15:17
6,"Cardano","$19,931,089,038","$0.59","33,820,262,544","$1,292,343,523","4.25 %",2022-06-02 16:15:17
7,"XRP","$19,385,715,102","$0.40","48,343,101,197","$1,491,272,609","-1.48 %",2022-06-02 16:15:17
8,"Binance USD","$18,057,671,792","$1.00","18,034,270,882","$6,239,269,042","0.22 %",2022-06-02 16:15:17
9,"Solana","$13,879,992,731","$40.77","340,095,494","$1,879,479,134","-5.12 %",2022-06-02 16:15:17
10,"Dogecoin","$10,924,951,373","$0.08","132,670,764,300","$523,480,655","-2.17 %",2022-06-02 16:15:17
11,"Polkadot","$10,772,650,271","$9.64","1,118,148,026","$458,004,366","-3.13 %",2022-06-02 16:15:17
12,"Wrapped Bitcoin","$8,285,227,196","$30,283.00","273,702","$410,895,132","-1.61 %",2022-06-02 16:15:17
13,"TRON","$7,939,102,903","$0.09","93,224,793,826","$1,347,615,942","-3.68 %",2022-06-02 16:15:17
15,"Avalanche","$6,863,010,218","$24.44","280,765,170","$782,204,845","-1.53 %",2022-06-02 16:15:17
16,"Dai","$6,415,363,480","$1.00","6,398,258,269","$288,496,959","-0.15 %",2022-06-02 16:15:17
17,"Shiba Inu","$6,093,582,815","$0.00","549,146,987,315,510","$391,879,112","-1.46 %",2022-06-02 16:15:17
18,"Cronos","$4,620,488,713","$0.18","25,263,013,692","$30,061,486","-0.51 %",2022-06-02 16:15:17
19,"LEO Token","$4,604,954,959","$4.92","935,777,815","$2,394,323","-0.64 %",2022-06-02 16:15:17
20,"Litecoin","$4,496,886,363","$63.85","70,419,058","$503,765,606","-2.89 %",2022-06-02 16:15:17
21,"Polygon","$4,191,442,983","$0.61","6,872,890,164","$395,754,261","-1.55 %",2022-06-02 16:15:17
22,"NEAR Protocol","$3,805,304,811","$5.39","703,036,661","$388,031,500","-4.20 %",2022-06-02 16:15:17
23,"FTX Token","$3,665,549,003","$26.94","136,045,993","$74,967,098","-2.03 %",2022-06-02 16:15:17
24,"Monero","$3,630,217,944","$200.20","18,129,411","$204,872,728","2.18 %",2022-06-02 16:15:17
25,"Bitcoin Cash","$3,579,538,110","$187.54","19,079,869","$798,298,270","-3.68 %",2022-06-02 16:15:17
26,"Stellar","$3,496,909,838","$0.14","24,927,537,323","$212,511,399","0.00 %",2022-06-02 16:15:17
27,"Chainlink","$3,287,243,693","$7.03","467,009,550","$376,753,788","-2.02 %",2022-06-02 16:15:17
28,"OKB","$3,026,652,288","$11.64","260,143,734","$5,570,520","-1.25 %",2022-06-02 16:15:17
29,"Ethereum Classic","$3,000,828,021","$22.20","135,082,793","$251,145,518","-2.61 %",2022-06-02 16:15:17
31,"Cosmos Hub","$2,765,600,310","$9.44","292,586,164","$239,516,128","-4.60 %",2022-06-02 16:15:17
32,"Algorand","$2,653,617,276","$0.39","6,867,147,002","$107,722,334","-2.73 %",2022-06-02 16:15:17
33,"Flow","$2,607,008,984","$2.52","1,036,200,000","$41,883,016","-1.75 %",2022-06-02 16:15:17
34,"Uniswap","$2,376,714,478","$5.19","456,489,583","$119,567,141","-3.49 %",2022-06-02 16:15:17
35,"VeChain","$2,074,370,820","$0.03","66,760,741,299","$179,774,624","-2.93 %",2022-06-02 16:15:17
36,"Internet Computer","$1,932,830,869","$8.23","234,178,151","$130,837,609","3.81 %",2022-06-02 16:15:17
37,"Hedera","$1,924,954,859","$0.09","21,084,620,884","$40,250,018","-1.91 %",2022-06-02 16:15:17
38,"Theta Fuel","$1,886,178,774","$0.06","0","$19,833,838","-4.83 %",2022-06-02 16:15:17
40,"Elrond","$1,765,731,574","$78.67","22,442,941","$67,784,819","0.08 %",2022-06-02 16:15:17
41,"Tezos","$1,718,076,516","$1.93","888,931,854","$92,198,820","-4.07 %",2022-06-02 16:15:17
42,"KuCoin","$1,706,986,822","$17.42","97,984,145","$9,806,893","1.92 %",2022-06-02 16:15:17
44,"Axie Infinity","$1,648,481,744","$20.63","80,079,319","$194,981,029","-5.29 %",2022-06-02 16:15:17
45,"Filecoin","$1,616,569,110","$7.56","213,201,053","$151,492,261","-1.24 %",2022-06-02 16:15:17
46,"Decentraland","$1,502,807,979","$1.01","1,494,463,303","$205,114,267","-0.21 %",2022-06-02 16:15:17
47,"Aave","$1,474,598,587","$106.12","13,882,116","$273,381,643","-6.02 %",2022-06-02 16:15:17
49,"cETH","$1,366,762,165","$36.59","37,358,153","$944","-2.00 %",2022-06-02 16:15:17
50,"EOS","$1,278,131,862","$1.28","996,480,906","$315,559,451","-2.24 %",2022-06-02 16:15:17
51,"TrueUSD","$1,268,917,139","$1.00","1,266,069,328","$134,812,360","-0.07 %",2022-06-02 16:15:17
52,"Theta Network","$1,218,812,456","$1.22","1,000,000,000","$77,480,318","-3.52 %",2022-06-02 16:15:17
53,"Klaytn","$1,203,780,180","$0.42","2,843,130,512","$34,515,962","-1.59 %",2022-06-02 16:15:17
55,"cUSDC","$1,175,507,774","$0.02","51,916,558,155","$82","-0.06 %",2022-06-02 16:15:17
57,"Zcash","$1,127,453,731","$90.14","12,508,461","$134,311,032","-2.04 %",2022-06-02 16:15:17
58,"Huobi","$1,093,163,647","$7.05","154,885,159","$39,124,088","0.12 %",2022-06-02 16:15:17
59,"Maker","$1,065,091,907","$1,182.24","901,311","$66,021,860","-5.02 %",2022-06-02 16:15:17
60,"BitTorrent","$2,498,507,941","$0.00","932,497,500,000","$1,038,436","-2.73 %",2022-06-02 16:15:17
60,"The Graph","$1,035,723,354","$0.15","6,929,620,630","$75,173,077","-0.99 %",2022-06-02 16:15:17
62,"Bitcoin SV","$1,008,163,745","$52.79","19,076,027","$96,969,595","-0.46 %",2022-06-02 16:15:17
63,"IOTA","$966,493,315","$0.35","2,779,530,283","$28,134,454","-0.28 %",2022-06-02 16:15:17
64,"Pax Dollar","$960,307,010","$1.00","958,460,678","$15,203,290","0.04 %",2022-06-02 16:15:17
65,"Waves","$956,525,483","$9.61","100,000,000","$1,987,813,777","0.57 %",2022-06-02 16:15:17
66,"Fantom","$946,187,418","$0.37","2,541,152,731","$275,775,772","-2.62 %",2022-06-02 16:15:17
67,"eCash","$939,804,755","$0.00","19,075,923,423,303","$12,485,082","-1.34 %",2022-06-02 16:15:17
68,"Quant","$913,329,742","$68.04","13,413,953","$40,318,922","-0.08 %",2022-06-02 16:15:17
69,"THORChain","$863,998,842","$2.87","300,755,175","$116,452,108","-1.41 %",2022-06-02 16:15:17
70,"Helium","$855,337,069","$8.49","100,539,362","$17,772,900","-5.10 %",2022-06-02 16:15:17
73,"GateToken","$800,248,174","$5.39","148,515,369","$3,614,505","-1.02 %",2022-06-02 16:15:17
74,"NEO","$800,140,988","$11.32","70,530,000","$109,350,689","-2.28 %",2022-06-02 16:15:17
75,"Terra Luna Classic","$768,841,921","$0.00","0","$184,800,153","9.82 %",2022-06-02 16:15:17
77,"Zilliqa","$729,919,441","$0.05","14,403,230,290","$157,094,889","-3.12 %",2022-06-02 16:15:17
78,"cDAI","$727,724,748","$0.02","32,983,322,239","$1,167","0.06 %",2022-06-02 16:15:17
79,"PancakeSwap","$716,009,841","$4.32","165,650,913","$73,838,956","-0.92 %",2022-06-02 16:15:17
80,"Loopring","$683,085,009","$0.55","1,245,991,469","$134,278,101","2.48 %",2022-06-02 16:15:17
81,"NEXO","$680,131,979","$1.22","560,000,010","$6,386,764","-2.36 %",2022-06-02 16:15:17
82,"Chiliz","$676,231,216","$0.13","5,344,064,580","$124,117,624","4.93 %",2022-06-02 16:15:17
84,"Kusama","$659,088,317","$73.37","8,980,098","$124,151,956","-4.52 %",2022-06-02 16:15:17
85,"Arweave","$657,080,479","$13.11","50,108,502","$17,908,937","-6.28 %",2022-06-02 16:15:17
86,"Dash","$643,555,045","$59.81","10,755,930","$138,183,656","-4.80 %",2022-06-02 16:15:17
88,"Synthetix Network Token","$632,627,205","$2.87","219,622,583","$58,654,193","-5.68 %",2022-06-02 16:15:17
89,"PAX Gold","$625,323,859","$1,874.75","333,601","$13,882,451","1.68 %",2022-06-02 16:15:17
90,"Enjin Coin","$599,912,295","$0.64","934,340,660","$83,408,205","-2.62 %",2022-06-02 16:15:17
92,"Stacks","$595,525,167","$0.57","1,052,561,462","$29,661,715","1.19 %",2022-06-02 16:15:17
93,"Celo","$593,304,939","$1.33","445,012,828","$39,285,347","-3.86 %",2022-06-02 16:15:17
94,"Basic Attention","$593,491,483","$0.40","1,498,150,386","$81,560,233","-0.49 %",2022-06-02 16:15:17
96,"Amp","$570,177,408","$0.01","48,013,928,909","$5,455,325","-1.79 %",2022-06-02 16:15:17
98,"DxChain Token","$94,790,225","$0.00","0","$156,923","3.37 %",2022-06-02 16:15:17
99,"Kava","$548,020,501","$2.70","201,927,539","$66,016,715","0.54 %",2022-06-02 16:15:17
100,"Aave LINK","$330,885,424","$25.19","0","$11,646,285","3.32 %",2022-06-02 16:15:17
1,"Bitcoin","$578,622,106,984","$30,364.00","19,056,312","$32,346,114,016","0.10 %",2022-06-02 17:23:04
2,"Ethereum","$221,666,257,054","$1,831.60","121,023,008","$19,777,259,778","-1.02 %",2022-06-02 17:23:04
3,"Tether","$72,636,108,460","$1.00","72,538,449,554","$46,357,548,337","0.12 %",2022-06-02 17:23:04
4,"USD Coin","$54,185,193,242","$1.00","54,067,002,894","$5,471,673,833","0.09 %",2022-06-02 17:23:04
5,"BNB","$49,916,190,092","$305.60","163,276,975","$1,368,731,810","0.56 %",2022-06-02 17:23:04
6,"Cardano","$19,875,043,530","$0.59","33,820,262,544","$1,307,770,901","3.77 %",2022-06-02 17:23:04
7,"XRP","$19,368,066,485","$0.40","48,343,101,197","$1,461,588,647","-1.09 %",2022-06-02 17:23:04
8,"Binance USD","$18,110,106,609","$1.00","18,034,270,882","$5,900,225,520","0.38 %",2022-06-02 17:23:04
9,"Solana","$13,904,067,292","$40.90","339,978,942","$1,841,134,018","-3.33 %",2022-06-02 17:23:04
10,"Dogecoin","$10,961,032,544","$0.08","132,670,764,300","$469,666,913","-0.93 %",2022-06-02 17:23:04
11,"Polkadot","$10,818,982,017","$9.68","1,118,182,504","$443,693,639","-2.02 %",2022-06-02 17:23:04
12,"Wrapped Bitcoin","$8,308,524,081","$30,356.00","273,702","$386,703,588","-0.18 %",2022-06-02 17:23:04
13,"TRON","$7,904,965,000","$0.08","93,224,694,306","$1,332,524,022","-3.58 %",2022-06-02 17:23:04
15,"Avalanche","$6,898,651,576","$24.57","280,765,536","$755,948,996","-0.33 %",2022-06-02 17:23:04
16,"Dai","$6,414,887,460","$1.00","6,397,840,677","$277,525,680","-0.08 %",2022-06-02 17:23:04
17,"Shiba Inu","$6,118,079,115","$0.00","549,146,987,315,510","$373,169,603","-0.58 %",2022-06-02 17:23:04
18,"Cronos","$4,644,076,339","$0.18","25,263,013,692","$29,200,695","1.42 %",2022-06-02 17:23:04
19,"LEO Token","$4,605,100,072","$4.91","935,777,815","$2,378,283","-0.65 %",2022-06-02 17:23:04
20,"Litecoin","$4,506,798,142","$63.94","70,419,283","$500,281,227","-1.72 %",2022-06-02 17:23:04
21,"Polygon","$4,223,247,741","$0.61","6,872,890,164","$380,710,917","-0.12 %",2022-06-02 17:23:04
22,"NEAR Protocol","$3,821,461,324","$5.43","703,036,661","$343,158,963","-3.79 %",2022-06-02 17:23:04
23,"FTX Token","$3,688,083,409","$27.11","136,045,993","$71,863,921","-0.77 %",2022-06-02 17:23:04
24,"Monero","$3,631,275,543","$200.30","18,129,424","$202,947,053","1.62 %",2022-06-02 17:23:04
25,"Bitcoin Cash","$3,580,861,853","$187.68","19,079,881","$798,624,093","-2.81 %",2022-06-02 17:23:04
26,"Stellar","$3,503,681,063","$0.14","24,927,537,278","$208,804,110","0.90 %",2022-06-02 17:23:04
27,"Chainlink","$3,304,994,257","$7.08","467,009,550","$356,175,305","-0.79 %",2022-06-02 17:23:04
28,"OKB","$3,037,767,104","$11.67","260,143,734","$5,531,819","-1.04 %",2022-06-02 17:23:04
29,"Ethereum Classic","$3,012,172,660","$22.30","135,084,509","$243,536,936","-2.01 %",2022-06-02 17:23:04
31,"Cosmos Hub","$2,783,300,918","$9.51","292,586,164","$231,155,026","-2.46 %",2022-06-02 17:23:04
32,"Algorand","$2,678,542,064","$0.39","6,867,146,937","$104,786,949","-0.66 %",2022-06-02 17:23:04
33,"Flow","$2,623,595,911","$2.53","1,036,200,000","$39,451,208","-2.06 %",2022-06-02 17:23:04
34,"Uniswap","$2,398,521,623","$5.25","456,489,583","$118,950,115","-2.07 %",2022-06-02 17:23:04
35,"VeChain","$2,082,406,325","$0.03","66,760,741,299","$175,345,009","-1.41 %",2022-06-02 17:23:04
36,"Internet Computer","$1,974,523,317","$8.42","234,178,151","$129,779,629","9.10 %",2022-06-02 17:23:04
37,"Hedera","$1,925,484,256","$0.09","21,084,620,884","$39,301,137","-1.38 %",2022-06-02 17:23:04
38,"Theta Fuel","$1,886,178,774","$0.06","0","$19,287,596","-3.76 %",2022-06-02 17:23:04
40,"Elrond","$1,755,671,065","$78.23","22,442,941","$66,135,205","-0.54 %",2022-06-02 17:23:04
41,"Tezos","$1,727,138,344","$1.94","888,931,854","$91,421,820","-2.66 %",2022-06-02 17:23:04
42,"KuCoin","$1,718,203,288","$17.55","97,984,145","$9,924,294","2.51 %",2022-06-02 17:23:04
44,"Axie Infinity","$1,661,046,295","$20.74","80,079,319","$193,139,955","-5.62 %",2022-06-02 17:23:04
45,"Filecoin","$1,619,850,907","$7.60","213,201,053","$143,554,957","-0.37 %",2022-06-02 17:23:04
46,"Decentraland","$1,514,337,423","$1.01","1,494,463,303","$208,738,454","0.00 %",2022-06-02 17:23:04
47,"Aave","$1,486,450,192","$107.08","13,882,116","$254,246,126","-3.40 %",2022-06-02 17:23:04
49,"cETH","$1,373,161,173","$36.75","37,363,269","$944","-0.84 %",2022-06-02 17:23:04
50,"EOS","$1,280,995,911","$1.29","996,485,189","$310,709,062","-1.27 %",2022-06-02 17:23:04
51,"TrueUSD","$1,276,648,822","$1.00","1,272,869,141","$126,795,095","0.05 %",2022-06-02 17:23:04
52,"Theta Network","$1,218,150,283","$1.22","1,000,000,000","$75,170,867","-2.55 %",2022-06-02 17:23:04
53,"Klaytn","$1,204,384,839","$0.42","2,843,142,050","$33,496,668","-0.82 %",2022-06-02 17:23:04
55,"cUSDC","$1,176,841,916","$0.02","51,927,615,137","$82","0.17 %",2022-06-02 17:23:04
57,"Zcash","$1,130,659,815","$90.60","12,508,581","$130,074,459","-2.49 %",2022-06-02 17:23:04
58,"Huobi","$1,093,178,757","$7.05","154,885,159","$38,286,660","-0.35 %",2022-06-02 17:23:04
59,"Maker","$1,080,679,804","$1,199.01","901,311","$66,091,765","-2.17 %",2022-06-02 17:23:04
60,"BitTorrent","$2,498,507,941","$0.00","932,497,500,000","$1,038,436","-2.73 %",2022-06-02 17:23:04
60,"The Graph","$1,035,743,868","$0.15","6,929,620,630","$71,006,530","-1.13 %",2022-06-02 17:23:04
62,"Bitcoin SV","$1,009,650,136","$53.02","19,076,070","$94,147,063","0.73 %",2022-06-02 17:23:04
63,"IOTA","$964,836,137","$0.35","2,779,530,283","$26,232,600","1.27 %",2022-06-02 17:23:04
64,"Pax Dollar","$960,420,954","$1.00","958,460,678","$14,735,046","-0.31 %",2022-06-02 17:23:04
65,"Waves","$957,119,495","$9.56","100,000,000","$1,918,990,899","2.83 %",2022-06-02 17:23:04
66,"Fantom","$957,403,944","$0.38","2,541,152,731","$273,919,874","-0.05 %",2022-06-02 17:23:04
67,"eCash","$943,028,309","$0.00","19,075,985,923,303","$12,432,759","-0.15 %",2022-06-02 17:23:04
68,"Quant","$914,758,858","$68.19","13,413,953","$39,893,832","-0.07 %",2022-06-02 17:23:04
69,"THORChain","$868,609,828","$2.89","300,755,175","$112,343,290","0.89 %",2022-06-02 17:23:04
70,"Helium","$857,753,721","$8.53","100,539,362","$17,186,100","-4.97 %",2022-06-02 17:23:04
73,"GateToken","$802,524,341","$5.40","148,515,369","$3,695,863","-0.84 %",2022-06-02 17:23:04
74,"NEO","$803,927,175","$11.40","70,530,000","$107,925,749","-1.62 %",2022-06-02 17:23:04
75,"Terra Luna Classic","$768,841,921","$0.00","0","$186,662,032","8.57 %",2022-06-02 17:23:04
77,"Zilliqa","$738,134,839","$0.05","14,403,405,513","$149,727,111","-0.14 %",2022-06-02 17:23:04
78,"cDAI","$728,117,205","$0.02","33,023,657,470","$1,168","0.04 %",2022-06-02 17:23:04
79,"PancakeSwap","$719,383,398","$4.34","165,638,524","$72,605,082","-0.18 %",2022-06-02 17:23:04
80,"NEXO","$684,677,570","$1.22","560,000,010","$6,651,013","-1.32 %",2022-06-02 17:23:04
81,"Loopring","$681,037,420","$0.55","1,245,991,469","$128,562,082","1.00 %",2022-06-02 17:23:04
82,"Chiliz","$671,669,853","$0.13","5,344,064,580","$121,264,275","5.06 %",2022-06-02 17:23:04
84,"Kusama","$656,087,151","$73.32","8,980,098","$105,555,379","-2.83 %",2022-06-02 17:23:04
85,"Arweave","$657,074,016","$13.11","50,108,502","$17,267,922","-5.34 %",2022-06-02 17:23:04
86,"Dash","$643,080,711","$59.79","10,756,005","$136,496,400","-3.59 %",2022-06-02 17:23:04
87,"Synthetix Network Token","$640,840,362","$2.92","219,622,583","$59,024,621","-4.87 %",2022-06-02 17:23:04
89,"PAX Gold","$624,728,674","$1,872.84","333,601","$13,430,216","1.28 %",2022-06-02 17:23:04
90,"Celo","$601,073,758","$1.35","445,012,828","$39,492,205","-2.33 %",2022-06-02 17:23:04
91,"Enjin Coin","$600,967,322","$0.64","934,340,660","$81,809,576","-1.65 %",2022-06-02 17:23:04
92,"Stacks","$598,176,990","$0.57","1,052,561,462","$29,386,883","2.77 %",2022-06-02 17:23:04
93,"Basic Attention","$596,809,893","$0.40","1,498,150,386","$79,334,129","2.08 %",2022-06-02 17:23:04
95,"Amp","$575,023,341","$0.01","48,013,928,909","$5,212,769","-2.17 %",2022-06-02 17:23:04
98,"DxChain Token","$94,790,225","$0.00","0","$156,923","3.37 %",2022-06-02 17:23:04
99,"Kava","$543,801,934","$2.69","201,951,968","$64,485,982","0.59 %",2022-06-02 17:23:04
100,"Aave LINK","$330,885,424","$25.19","0","$11,646,285","3.32 %",2022-06-02 17:23:04
1,"Bitcoin","$576,731,791,339","$30,303.00","19,056,350","$30,324,538,669","0.33 %",2022-06-02 18:18:48
2,"Ethereum","$220,433,892,903","$1,821.13","121,023,493","$19,211,718,608","-1.46 %",2022-06-02 18:18:48
3,"Tether","$72,653,916,556","$1.00","72,538,449,554","$44,216,121,857","0.02 %",2022-06-02 18:18:48
4,"USD Coin","$54,128,218,135","$1.00","54,061,378,349","$5,294,198,505","0.12 %",2022-06-02 18:18:48
5,"BNB","$49,796,654,961","$305.28","163,276,975","$1,264,399,060","0.82 %",2022-06-02 18:18:48
6,"Cardano","$19,859,081,252","$0.59","33,820,262,544","$1,284,301,673","4.15 %",2022-06-02 18:18:48
7,"XRP","$19,344,507,158","$0.40","48,343,101,197","$1,436,166,940","-0.91 %",2022-06-02 18:18:48
8,"Binance USD","$18,081,975,330","$1.00","18,034,270,882","$5,420,742,544","0.17 %",2022-06-02 18:18:48
9,"Solana","$13,792,234,225","$40.71","339,807,849","$1,799,651,698","-2.09 %",2022-06-02 18:18:48
10,"Dogecoin","$10,928,949,864","$0.08","132,670,764,300","$462,687,537","0.51 %",2022-06-02 18:18:48
11,"Polkadot","$10,766,767,561","$9.68","1,118,201,899","$430,695,579","-1.07 %",2022-06-02 18:18:48
12,"Wrapped Bitcoin","$8,276,927,714","$30,292.00","273,702","$362,239,988","0.28 %",2022-06-02 18:18:48
13,"TRON","$7,849,697,575","$0.08","93,224,606,800","$1,291,665,883","-2.64 %",2022-06-02 18:18:48
15,"Avalanche","$6,834,590,891","$24.39","280,765,747","$735,794,063","-0.10 %",2022-06-02 18:18:48
16,"Dai","$6,407,916,819","$1.00","6,397,903,104","$252,083,189","0.05 %",2022-06-02 18:18:48
17,"Shiba Inu","$6,114,287,013","$0.00","549,146,987,315,510","$362,668,895","0.02 %",2022-06-02 18:18:48
18,"LEO Token","$4,601,672,662","$4.92","935,777,815","$2,368,572","-0.42 %",2022-06-02 18:18:48
19,"Cronos","$4,595,553,284","$0.18","25,263,013,692","$29,257,055","0.51 %",2022-06-02 18:18:48
20,"Litecoin","$4,501,756,017","$63.96","70,419,546","$468,367,215","-1.33 %",2022-06-02 18:18:48
21,"Polygon","$4,199,807,634","$0.61","6,872,890,164","$376,433,216","-0.22 %",2022-06-02 18:18:48
22,"NEAR Protocol","$3,815,219,627","$5.42","703,036,661","$379,538,447","-3.97 %",2022-06-02 18:18:48
23,"FTX Token","$3,668,639,973","$27.00","136,045,993","$71,097,877","-0.80 %",2022-06-02 18:18:48
24,"Monero","$3,668,464,603","$202.54","18,129,443","$199,335,448","2.70 %",2022-06-02 18:18:48
25,"Bitcoin Cash","$3,565,393,141","$187.03","19,079,937","$773,101,905","-2.68 %",2022-06-02 18:18:48
26,"Stellar","$3,511,879,384","$0.14","24,927,537,252","$208,117,273","1.55 %",2022-06-02 18:18:48
27,"Chainlink","$3,283,893,575","$7.06","467,009,550","$348,445,686","-0.70 %",2022-06-02 18:18:48
28,"OKB","$3,021,954,003","$11.65","260,143,734","$5,647,704","-0.22 %",2022-06-02 18:18:48
29,"Ethereum Classic","$2,997,209,609","$22.22","135,085,203","$234,041,507","-2.16 %",2022-06-02 18:18:48
31,"Cosmos Hub","$2,772,933,369","$9.53","292,586,164","$228,690,006","-1.74 %",2022-06-02 18:18:48
32,"Algorand","$2,658,458,178","$0.39","6,867,146,872","$102,164,324","-1.36 %",2022-06-02 18:18:48
33,"Flow","$2,612,159,407","$2.53","1,036,200,000","$39,093,218","-1.47 %",2022-06-02 18:18:48
34,"Uniswap","$2,384,525,496","$5.24","456,489,583","$118,877,168","-1.45 %",2022-06-02 18:18:48
35,"Internet Computer","$2,101,190,497","$9.11","234,202,950","$173,188,322","18.25 %",2022-06-02 18:18:48
36,"VeChain","$2,075,466,555","$0.03","66,760,741,299","$171,454,214","-0.98 %",2022-06-02 18:18:48
37,"Hedera","$1,919,769,060","$0.09","21,084,620,884","$38,484,060","-1.23 %",2022-06-02 18:18:48
38,"Theta Fuel","$1,886,178,774","$0.06","0","$19,074,461","-3.63 %",2022-06-02 18:18:48
40,"Elrond","$1,749,130,955","$77.91","22,442,941","$62,103,910","-0.13 %",2022-06-02 18:18:48
41,"Tezos","$1,724,193,196","$1.95","888,931,854","$91,226,560","-2.46 %",2022-06-02 18:18:48
42,"KuCoin","$1,709,171,141","$17.49","97,984,145","$9,973,955","3.11 %",2022-06-02 18:18:48
44,"Axie Infinity","$1,644,212,623","$20.65","80,079,319","$191,555,959","-5.95 %",2022-06-02 18:18:48
45,"Filecoin","$1,630,858,917","$7.69","213,201,053","$142,672,197","0.90 %",2022-06-02 18:18:48
46,"Aave","$1,505,341,233","$108.33","13,882,116","$248,862,740","-1.87 %",2022-06-02 18:18:48
47,"Decentraland","$1,499,290,790","$1.01","1,494,463,280","$199,103,499","-0.29 %",2022-06-02 18:18:48
49,"cETH","$1,363,786,301","$36.53","37,330,620","$944","-0.55 %",2022-06-02 18:18:48
50,"EOS","$1,277,311,067","$1.28","996,489,536","$303,575,000","-1.16 %",2022-06-02 18:18:48
51,"TrueUSD","$1,275,803,262","$1.00","1,273,369,155","$119,103,684","0.07 %",2022-06-02 18:18:48
52,"Theta Network","$1,227,400,880","$1.23","1,000,000,000","$75,511,388","-1.22 %",2022-06-02 18:18:48
53,"Klaytn","$1,204,153,148","$0.42","2,843,153,787","$32,259,482","-0.13 %",2022-06-02 18:18:48
55,"cUSDC","$1,175,591,802","$0.02","51,928,059,628","$82","-0.03 %",2022-06-02 18:18:48
56,"Zcash","$1,132,019,714","$90.58","12,508,544","$127,502,251","-2.05 %",2022-06-02 18:18:48
58,"Huobi","$1,093,257,850","$7.06","154,885,159","$37,336,511","-0.29 %",2022-06-02 18:18:48
59,"Maker","$1,077,205,732","$1,195.85","901,311","$64,042,866","-2.95 %",2022-06-02 18:18:48
60,"BitTorrent","$2,498,507,941","$0.00","932,497,500,000","$1,038,436","-2.73 %",2022-06-02 18:18:48
60,"The Graph","$1,034,252,950","$0.15","6,929,620,630","$69,146,477","-1.19 %",2022-06-02 18:18:48
61,"Bitcoin SV","$1,010,923,405","$53.09","19,076,158","$93,262,779","1.00 %",2022-06-02 18:18:48
63,"IOTA","$971,457,202","$0.35","2,779,530,283","$24,642,920","2.14 %",2022-06-02 18:18:48
64,"Pax Dollar","$960,074,431","$1.00","958,460,678","$12,286,094","-0.03 %",2022-06-02 18:18:48
65,"Fantom","$952,195,919","$0.37","2,541,152,731","$263,994,089","-0.49 %",2022-06-02 18:18:48
66,"eCash","$941,759,913","$0.00","19,076,054,673,303","$12,056,207","0.47 %",2022-06-02 18:18:48
67,"Waves","$941,081,701","$9.53","100,000,000","$1,906,500,322","-0.05 %",2022-06-02 18:18:48
68,"Quant","$918,020,223","$68.43","13,413,953","$38,571,036","0.11 %",2022-06-02 18:18:48
69,"THORChain","$863,191,549","$2.87","300,755,175","$109,150,518","0.61 %",2022-06-02 18:18:48
70,"Helium","$857,808,482","$8.52","100,539,362","$16,347,337","-3.51 %",2022-06-02 18:18:48
73,"NEO","$803,340,277","$11.40","70,530,000","$105,626,961","-1.52 %",2022-06-02 18:18:48
74,"GateToken","$801,758,921","$5.41","148,515,369","$3,664,470","-0.38 %",2022-06-02 18:18:48
75,"Terra Luna Classic","$768,841,921","$0.00","0","$175,457,431","1.28 %",2022-06-02 18:18:48
76,"Zilliqa","$737,640,482","$0.05","14,403,580,583","$142,255,712","0.59 %",2022-06-02 18:18:48
77,"cDAI","$728,134,990","$0.02","33,023,676,513","$1,171","0.44 %",2022-06-02 18:18:48
79,"PancakeSwap","$717,443,476","$4.33","165,626,599","$71,203,513","-0.07 %",2022-06-02 18:18:48
80,"NEXO","$686,013,547","$1.23","560,000,010","$6,698,789","-1.70 %",2022-06-02 18:18:48
81,"Loopring","$677,024,911","$0.54","1,245,991,469","$125,800,995","1.06 %",2022-06-02 18:18:48
83,"Chiliz","$667,890,837","$0.13","5,344,064,580","$115,961,496","5.21 %",2022-06-02 18:18:48
84,"Kusama","$652,380,987","$72.80","8,980,098","$104,273,056","-2.39 %",2022-06-02 18:18:48
85,"Arweave","$650,649,216","$13.03","50,108,502","$16,715,923","-5.53 %",2022-06-02 18:18:48
86,"Synthetix Network Token","$643,387,385","$2.93","219,622,583","$58,627,972","-3.76 %",2022-06-02 18:18:48
87,"Dash","$640,938,728","$59.63","10,756,064","$134,532,615","-3.51 %",2022-06-02 18:18:48
88,"PAX Gold","$624,118,423","$1,873.59","333,601","$12,361,486","1.34 %",2022-06-02 18:18:48
90,"Celo","$597,373,378","$1.35","445,012,828","$38,062,085","-2.28 %",2022-06-02 18:18:48
91,"Enjin Coin","$596,462,965","$0.64","934,340,660","$79,478,736","-1.40 %",2022-06-02 18:18:48
92,"Basic Attention","$596,444,571","$0.40","1,498,150,386","$78,228,854","1.94 %",2022-06-02 18:18:48
93,"Stacks","$595,555,595","$0.57","1,052,561,462","$29,013,674","2.94 %",2022-06-02 18:18:48
95,"Amp","$571,848,235","$0.01","48,013,928,909","$4,969,508","-1.06 %",2022-06-02 18:18:48
98,"DxChain Token","$94,790,225","$0.00","0","$156,923","3.37 %",2022-06-02 18:18:48
99,"Kava","$543,365,379","$2.69","201,975,757","$62,950,707","1.26 %",2022-06-02 18:18:48
100,"Aave LINK","$330,885,424","$25.19","0","$11,646,285","3.32 %",2022-06-02 18:18:48
